EmpID,Position,EmpStatus
 103498,T4-Premium,Active
 103499,Tier 4,Active
 101205,Tier 4,Active
 100952,Campaign Manager,Active
 103501,Tier 4,Active
 103502,Tier 4,Active
 103503,Tier 4,Active
 103008,Tier 4,Active
 101133,Premium C,Active
 102268,Tier 4,Active
 103506,Tier 4,Active
 100862,Operations Manager,Active
 102377,Tier 4,Active
 100916,Senior Campaign Manager,Active
 103509,Tier 4,Active
 102431,Tier 4,Active
 103510,Tier 4,Active
 100831,Data Analytics and Integration Assistant Manager,Active
 100826,Senior IT Specialist,Active
 100886,Security Officer,Active
 103360,Tier 4,Active
 103519,Tier 4,Active
 103522,Tier 4,Active
 100925,Senior Campaign Manager,Active
 103523,Tier 4,Active
 103524,Tier 4,Active
 103030,Tier 4,Active
 103526,Tier 4,Active
 103528,Tier 4,Active
 103081,Premium B,Active
 103529,Tier 4,Active
 101488,Tier 4,Active
 103530,Tier 4,Active
 102346,Tier 4,Active
 101293,Tier 4,Active
 103532,Tier 4,Active
 100939,Senior Campaign Manager,Active
 100847,Senior Campaign Manager,Active
 101220,Tier 4,Active
 103537,Tier 4,Active
 102138,Tier 4,Active
 100999,Tier 4,Active
 103538,Tier 4,Active
 103542,T4-Premium,Active
 103544,T4-Premium,Active
 104489,Tier 4,Active
 101001,Tier 4,Active
 101002,Tier 4,Active
 103418,Recruitment Specialist,Active
 100887,Security Officer,Active
 100839,Operations Manager,Active
 100837,Assistant Operations Manager,Active
 100812,Company Nurse,Active
 102185,Premium A,Active
 100836,QA and Training Manager,Active
 101346,Tier 4,Active
 103553,Tier 4,Active
 103555,Tier 4,Active
 103556,Tier 4,Active
 104451,Tier 4,Active
 103558,T4-Premium,Active
 104469,ADP,Active
 103561,Tier 4,Active
 103562,Tier 4,Active
 103565,Tier 4,Active
 102491,Tier 4,Active
 102492,Tier 4,Active
 104459,Tier 4,Active
 103569,Tier 4,Active
 100919,Senior Campaign Manager,Active
 100867,Senior Campaign Manager,Active
 103570,T4-Premium,Active
 103571,Tier 4,Active
 103574,Tier 4,Active
 103576,Tier 4,Active
 101798,Premium C,Active
 104464,ADP,Active
 101119,Tier 4,Active
 103584,T4-Premium,Active
 103398,Human Resource Documentation Specialist,Active
 102552,Tier 4,Active
 100972,Senior Campaign Manager,Active
 103587,Tier 4,Active
 103588,Tier 4,Active
 103589,Tier 4,Active
 103590,Tier 4,Active
 103405,Campaign Manager,Active
 102918,Tier 4,Active
 103592,Tier 4,Active
 103594,Tier 4,Active
 101712,Reporting Analyst,Active
 100859,Senior Campaign Manager,Active
 103595,Tier 4,Active
 103596,T4-Premium,Active
 101537,Campaign Coach,Active
 103598,Tier 4,Active
 103465,Campaign Manager,Active
 104438,Tier 4,Active
 100908,Senior Campaign Manager,Active
 102538,Tier 4,Active
 102821,Quality Analyst,Active
 101006,Tier 4,Active
 104461,ADP,Active
 104470,ADP,Active
 103605,T4-Premium,Active
 103609,Tier 4,Active
 103610,Tier 4,Active
 103615,Tier 4,Active
 103445,Tier 4,Active
 103616,Tier 4,Active
 101460,Tier 4,Active
 101345,Tier 4,Active
 104456,ADP,Active
 100915,Senior Campaign Manager,Active
 103286,Tier 4,Active
 103428,Campaign Manager,Active
 103619,Tier 4,Active
 103620,Tier 4,Active
 103621,Tier 4,Active
 103622,Tier 4,Active
 101008,Tier 4,Active
 103626,T4-Premium,Active
 101173,Tier 4,Active
 103628,Tier 4,Active
 104466,ADP,Active
 101009,Tier 4,Active
 103632,Tier 4,Active
 103633,Tier 4,Active
 103635,Tier 4,Active
 102083,Campaign Manager,Active
 101224,Tier 4,Active
 103639,Tier 4,Active
 103640,Tier 4,Active
 100984,Campaign Manager,Active
 102165,Tier4,Active
 101551,Tier 4,Active
 103641,Tier 4,Active
 103643,Tier 4,Active
 103644,T4-Premium,Active
 101895,Quality Analyst,Active
 100910,Senior Campaign Manager,Active
 103645,Tier 4,Active
 103647,Tier 4,Active
 102643,Tier 4,Active
 102812,Tier 4,Active
 102150,Tier 4,Active
 101250,Tier 4,Active
 104462,ADP,Active
 101409,Tier 4,Active
 102615,Tier 4,Active
 103653,Tier 4,Active
 102349,Tier 4,Active
 103656,Tier 4,Active
 102975,Tier 4,Active
 103660,Tier 4,Active
 103661,Tier 4,Active
 103663,Tier 4,Active
 100882,Security Officer,Active
 103423,Security Officer,Active
 101337,Quality Analyst,Active
 102067,Campaign Coach,Active
 103667,Tier 4,Active
 101209,Tier 4,Active
 101098,Tier 4,Active
 103669,Tier 4,Active
 103310,T4-Premium,Active
 103670,Tier 4,Active
 103671,Tier 4,Active
 100958,Senior IT Support Specialist,Active
 100918,Senior Campaign Manager,Active
 102646,Tier 4,Active
 100866,Senior Campaign Manager,Active
 103677,Tier 4,Active
 102863,Tier 4,Active
 101226,Tier 4,Active
 103456,Quality Analyst,Active
 103682,Tier 4,Active
 103684,Tier 4,Active
 101134,Campaign Manager,Active
 101160,Tier 4,Active
 103688,Tier 4,Active
 100964,Senior Campaign Manager,Active
 103296,Tier 4,Active
 103689,Tier 4,Active
 102508,Tier 4,Active
 103692,Tier 4,Active
 103698,Tier 4,Active
 102724,T4-Premium,Active
 102645,Reporting Analyst,Active
 103699,T4-Premium,Active
 103700,Tier 4,Active
 103702,Tier 4,Active
 103703,Tier 4,Active
 101343,Campaign Coach,Active
 103705,Tier 4,Active
 103707,Tier 4,Active
 102198,Tier 4,Active
 101555,Tier 4,Active
 103709,Tier 4,Active
 103714,Tier 4,Active
 103715,Tier 4,Active
 103717,Tier 4,Active
 103718,Tier 4,Active
 103483,Quality Analyst,Active
 101014,Quality Analyst,Active
 103472,HR Compliance Officer,Active
 103722,Tier 4,Active
 100913,Senior Campaign Manager,Active
 101923,Tier 4,Active
 103726,Tier 4,Active
 101164,Quality Analyst,Active
 103728,Tier 4,Active
 101018,Tier 4,Active
 103730,Tier 4,Active
 103731,Tier 4,Active
 103733,Tier 4,Active
 102425,Tier 4,Active
 102450,Tier 4,Active
 103734,Tier 4,Active
 103486,Tier 4,Active
 103735,Tier 4,Active
 103738,Tier 4,Active
 103739,Tier 4,Active
 104471,ADP,Active
 103741,T4-Premium,Active
 103743,Tier 4,Active
 103746,Tier 4,Active
 103756,Tier 4,Active
 103757,Tier 4,Active
 101020,Tier 4,Active
 103762,Tier 4,Active
 103763,Tier 4,Active
 101630,Tier 4,Active
 102733,Tier 4,Active
 100903,Assistant Operations Manager,Active
 103767,Tier 4,Active
 103768,Tier4,Active
 103770,Tier 4,Active
 103773,T4-Premium,Active
 104472,ADP,Active
 103777,Tier 4,Active
 103779,Tier 4,Active
 103784,Tier 4,Active
 103788,Tier 4,Active
 103789,T4-Premium,Active
 103792,Tier 4,Active
 103796,Tier 4,Active
 103797,Tier 4,Active
 103803,Tier 4,Active
 101572,Tier 4,Active
 100880,Assistant Operations Manager,Active
 103810,Tier 4,Active
 104488,ADP,Active
 103812,Tier 4,Active
 103815,Tier 4,Active
 103818,Tier 4,Active
 103821,Tier 4,Active
 103823,Tier 4,Active
 103825,T4-Premium,Active
 103432,Quality Analyst,Active
 103828,Tier 4,Active
 104452,Tier 4,Active
 103830,Tier 4,Active
 103042,Premium B,Active
 103836,Tier 4,Active
 101299,Tier 4,Active
 103841,Tier 4,Active
 103843,T4-Premium,Active
 101115,Tier 4,Active
 103847,Tier 4,Active
 103850,Tier 4,Active
 103854,Tier 4,Active
 102675,Tier 4,Active
 103861,Tier 4,Active
 103862,Tier 4,Active
 103865,Tier 4,Active
 103867,Premium,Active
 103471,Tier 4,Active
 103868,T4-Premium,Active
 104454,Tier 4,Active
 103870,Tier 4,Active
 103880,Tier 4,Active
 103431,Campaign Manager,Active
 100823,Assistant Training Manager,Active
 101609,Tier 4,Active
 103887,Tier 4,Active
 101258,Tier 4,Active
 101614,Tier 4,Active
 103891,Tier 4,Active
 103893,T4-Premium,Active
 101089,Tier 4,Active
 103896,Tier 4,Active
 104477,ADP,Active
 103897,Tier 4,Active
 103899,Tier 4,Active
 103900,Tier 4,Active
 101105,Tier 4,Active
104563,Tier 4,Active
 103902,Tier 4,Active
 101530,Tier 4,Active
 103905,T4-Premium,Active
 103906,Tier 4,Active
 103414,Data Analyst,Active
 103914,T4-Premium,Active
 104453,Tier 4,Active
 101539,Tier 4,Active
 103919,Tier 4,Active
 103920,Tier 4,Active
 103922,Tier 4,Active
 103924,T4-Premium,Active
 103926,Tier 4,Active
 103930,Tier 4,Active
 102962,Tier 4,Active
 100961,Senior Campaign Manager,Active
 103334,Premium B,Active
 101870,Quality Analyst,Active
 103934,Tier 4,Active
 103935,Tier 4,Active
 103936,Tier 4,Active
 101347,Tier 4,Active
 103940,Tier 4,Active
 103941,Tier 4,Active
 103942,Tier 4,Active
 103943,Tier 4,Active
 101028,Campaign Manager,Active
 100848,Senior Reporting Analyst,Active
 101030,Premium C,Active
 102078,Campaign Manager,Active
 103952,Tier 4,Active
 102950,Tier 4,Active
 102945,Tier 4,Active
 103954,Tier 4,Active
 103955,Tier 4,Active
 103957,Tier 4,Active
 101158,Tier 4,Active
 102974,Tier 4,Active
 103958,Tier 4,Active
 103965,Tier 4,Active
 103966,T4-Premium,Active
 103967,Tier 4,Active
 103972,Tier 4,Active
 103973,Tier 4,Active
 103976,Tier 4,Active
 103977,Tier 4,Active
 103978,Tier 4,Active
 100842,Senior Campaign Manager,Active
 103980,Tier 4,Active
 101433,Tier 4,Active
 104479,Tier 4,Active
 101638,Tier 4,Active
 101132,Tier 4,Active
 100928,Quality Analyst,Active
 101033,Tier 4,Active
 103424,Security Officer,Active
 104463,ADP,Active
 103387,Tier 4,Active
 103997,T4-Premium,Active
 104003,Tier 4,Active
 104004,Tier 4,Active
 102803,Tier 4,Active
 104006,Tier 4,Active
 104008,Tier 4,Active
 104009,Tier 4,Active
 101607,Tier 4,Active
 101398,Tier 4,Active
 102005,Tier 4,Active
 102651,Tier 4,Active
 104015,Tier 4,Active
 101480,Tier 4,Active
 104017,Tier 4,Active
 103417,Recruitment Specialist,Active
 103422,Graphic Artist,Active
 104026,Tier 4,Active
 100810,CompenBen Officer,Active
 104028,Tier 4,Active
 101422,Tier 4,Active
 104030,Tier 4,Active
 101464,Tier 4,Active
 104482,ADP,Active
 104032,Tier 4,Active
 104036,Tier 4,Active
 101308,Nesting Mentor,Active
 100926,Campaign Manager,Active
 104055,Tier 4,Active
 104068,Tier 4,Active
 103458,Nesting Mentor,Active
 103374,Tier 4,Active
 104087,Tier 4,Active
 104113,Tier 4,Active
 104115,Tier 4,Active
 103484,Reporting Analyst,Active
 104117,Tier 4,Active
 104120,T4,Active
 104124,Tier 4,Active
 103441,Trainer,Active
 104125,T4-Premium,Active
 101036,Quality Analyst,Active
 100840,Operations Manager,Active
 101082,Tier 4,Active
 104136,T4,Active
 100963,Reporting Analyst,Active
 104148,Tier 4,Active
 100824,IT & Development Manager,Active
 104152,Tier 4,Active
 103460,Trainer,Active
 102741,Tier 4,Active
 101475,Tier 4,Active
 104154,T4-Premium,Active
 100902,Quality Assurance Assistant Manager,Active
 104158,Tier 4,Active
 104162,T4,Active
 101044,Tier 4,Active
 101289,Campaign Manager,Active
 101202,Tier 4,Active
 104172,Tier 4,Active
 104176,Tier 4,Active
 101511,Tier 4,Active
 104181,Tier 4,Active
 104185,Tier 4,Active
 103497,Campaign Manager,Active
 104188,Tier 4,Active
 101218,Campaign Manager,Active
 100980,Senior Campaign Manager,Active
 104058,Tier 4,Active
 100933,Human Resource Admin Assistant,Active
 103015,Operations Manager,Active
 104072,Tier 4,Active
 104074,Tier 4,Active
 102868,Tier 4,Active
 104080,Tier 4,Active
 104085,Tier 4,Active
 103451,Trainer,Active
 100883,Company Driver,Active
 101668,Tier 4,Active
 104098,Tier 4,Active
 102013,Campaign Manager,Active
 103442,Quality Analyst,Active
 104100,Tier 4,Active
 104102,Tier 4,Active
 104104,Tier 4,Active
 104139,Tier 4,Active
 102807,Tier 4,Active
 103466,Tier 4,Active
 104159,Tier 4,Active
 104161,Tier 4,Active
 101048,Quality Analyst,Active
 102128,Tier 4,Active
 101655,Tier 4,Active
 103928,Tier 4,Active
 104437,T4-Premium,Active
 103931,Tier 4,Active
 102394,Reporting Analyst,Active
 103950,Tier 4,Active
 102608,Tier 4,Active
 103964,Tier 4,Active
 103969,T4-Premium,Active
 103974,Tier 4,Active
 104475,ADP,Active
 103982,Tier 4,Active
 103983,Tier 4,Active
 103984,Tier 4,Active
 103435,Campaign Manager,Active
 103988,Tier 4,Active
 101050,Campaign Coach,Active
 103989,Tier 4,Active
 103991,Tier 4,Active
 103999,T4-Premium,Active
 101184,Tier 4,Active
 104014,Tier 4,Active
 104018,Tier 4,Active
 100881,Maintenance,Active
 102122,Quality Analyst,Active
 101110,Tier 4,Active
 104041,Tier 4,Active
 104045,Tier 4,Active
 104049,Tier 4,Active
 104050,Tier 4,Active
 101194,Tier 4,Active
 104056,Tier 4,Active
 104067,Tier 4,Active
 101611,Tier 4,Active
 100865,Senior Campaign Manager,Active
 102710,Finance Assistant,Active
 104075,T4-Premium,Active
 100804,Finance Officer,Active
 104086,Tier 4,Active
 104088,Tier 4,Active
 101399,Quality Analyst,Active
 104093,Tier 4,Active
 104095,Tier 4,Active
 100968,Nesting Mentor,Active
 102847,Tier 4,Active
 104103,Tier 4,Active
 100959,Data Analyst,Active
 103436,Maintenance,Active
 104107,Tier 4,Active
 103215,Tier 4,Active
 101166,Tier 4,Active
 101594,Tier 4,Active
 104121,Tier4,Active
 101054,Tier 4,Active
 104127,Tier4,Active
 100892,Security Officer,Active
 104130,Tier 4,Active
 104132,Tier4,Active
 104134,Tier4,Active
 104481,Tier 4,Active
 104157,Tier 4,Active
 100950,Tier4,Active
 100900,Senior Campaign Manager,Active
 101341,Campaign Manager,Active
 101055,Tier 4,Active
 104177,Tier4,Active
 104180,Tier4,Active
 104183,Tier4,Active
 104186,Tier4,Active
 104189,Tier4,Active
 104193,Tier4,Active
 102494,Quality Analyst,Active
 101252,Tier 4,Active
 104197,Tier 4,Active
 104201,Tier4,Active
 104205,Tier4,Active
 101605,Tier 4,Active
 104207,Tier4,Active
 101317,Tier 4,Active
 100805,Payroll Officer,Active
 104208,Tier4,Active
 104216,Tier4,Active
 100802,Managing Director,Active
 100966,Senior Campaign Manager,Active
 104218,Tier 4,Active
 103306,Tier 4,Active
 104221,Tier 4,Active
 100869,Campaign Manager,Active
 102281,Tier 4,Active
 104224,Tier4,Active
 104226,Tier4,Active
 104228,T4-Premium,Active
 100871,Campaign Manager,Active
 102670,Tier 4,Active
 101342,Tier 4,Active
 101274,Tier 4,Active
 104238,Tier4,Active
 100829,Data Analytics and Integration Manager,Active
 104245,Tier 4,Active
 101056,Tier 4,Active
 104250,TIER 4-PREMIUM,Active
 104252,Tier 4,Active
 100853,Senior Campaign Manager,Active
 104253,Tier 4,Active
 101364,Tier 4,Active
 104256,Tier 4,Active
 104257,Tier 4,Active
 104260,Tier 4,Active
 104274,T4-Premium,Active
 100875,Campaign Manager,Active
 101176,Tier 4,Active
 101387,Reporting Analyst,Active
 102629,Tier 4,Active
 102177,Quality Analyst,Active
 101095,Tier 4,Active
 100827,Inventory Officer,Active
 100889,Security Officer,Active
 100917,Senior Campaign Manager,Active
 104286,Tier 4,Active
 104289,Tier 4,Active
 104291,Tier 4,Active
 102245,Tier 4,Active
 102438,Campaign Manager,Active
 102439,Tier 4,Active
 104296,Tier 4,Active
 104300,Tier 4,Active
 101131,Tier 4,Active
 101059,Tier 4,Active
 103323,Tier 4,Active
 104302,Tier 4,Active
 104305,Tier 4,Active
 104227,Tier 4,Active
 101304,Tier 4,Active
 104236,Tier 4,Active
 102331,Tier 4,Active
 101140,T4-Premium,Active
 103356,Tier 4,Active
 100852,Assistant Operations Manager,Active
 104244,T4-Premium,Active
 103133,Tier 4,Active
 101084,Tier 4,Active
 104258,Tier 4,Active
 104259,Tier 4,Active
 104262,Tier 4,Active
 100957,Nesting Mentor,Active
 101275,Tier 4,Active
 103457,Quality Analyst,Active
 102297,Tier 4,Active
 103355,Tier 4,Active
 104465,ADP,Active
 101659,Premium,Active
 104361,Tier 4,Active
 104364,Tier 4,Active
 100914,Senior Campaign Manager,Active
 104368,Tier 4,Active
 104374,Tier 4,Active
 104376,Tier 4,Active
 104378,T4-Premium,Active
 100811,Human Resource Compliance Officer,Active
 100851,Senior Campaign Manager,Active
 104384,Tier 4,Active
 104385,Tier 4,Active
 104386,Tier 4,Active
 104388,T4-Premium,Active
 102215,Tier 4,Active
 104393,Tier 4,Active
 104395,Tier 4,Active
 104397,Tier 4,Active
 103452,Trainer,Active
 104398,Tier 4,Active
 104405,T4-Premium,Active
 102001,Tier 4,Active
 104407,Tier 4,Active
 104487,ADP,Active
 104408,Tier 4,Active
 104410,Tier 4,Active
 104412,Tier 4,Active
 104478,Tier 4,Active
 101061,Sales Executive Assistant,Active
 102527,Tier 4,Active
 104473,ADP,Active
 104480,Tier 4,Active
 104483,Tier 4,Active
 104425,Tier 4,Active
 101954,Senior Campaign Manager,Active
 100946,Senior Campaign Manager,Active
 101584,Tier 4,Active
 100825,Senior IT Support Specialist,Active
 102524,Tier 4,Active
 101682,T4-Premium,Active
 100861,Operations Manager,Active
 104431,Tier 4,Active
 101118,Tier 4,Active
 104426,Tier 4,Active
 101135,Tier 4,Active
 103443,T4-Premium,Active
 101426,Tier 4,Active
 101062,Tier 4,Active
 104409,Tier 4,Active
 104406,Tier 4,Active
 102036,Tier 4,Active
 104396,Tier 4,Active
 103399,Assistant General Manager,Active
 101962,Premium A,Active
 101890,Tier 4,Active
 102542,Tier 4,Active
 101391,Tier 4,Active
 102312,Tier 4,Active
 104390,Tier 4,Active
 104387,Tier 4,Active
 102314,Tier 4,Active
 104379,Tier 4,Active
 104375,T4-Premium,Active
 100989,Senior Campaign Manager,Active
 104373,Tier 4,Active
 100803,Finance Manager,Active
 103010,CEO,Active
 103354,Tier 4,Active
 104357,T4-Premium,Active
 104458,ADP,Active
 101334,Quality Analyst,Active
 104354,T4-Premium,Active
 104352,Tier 4,Active
 103123,Tier 4,Active
 104485,T4-Premium,Active
 100924,Campaign Manager,Active
 104328,T4-Premium,Active
 101988,Tier 4,Active
 100849,Assistant Operations Manager,Active
 100858,Senior Trainer,Active
 104323,T4-Premium,Active
 101635,Tier 4,Active
 102666,Tier 4,Active
 104200,Tier 4,Active
 104202,T4-Premium,Active
 104204,Tier 4,Active
 102531,Tier 4,Active
 104206,Tier 4,Active
 104212,Tier 4,Active
 102336,Quality Analyst,Active
 100841,Operations Manager,Active
 104225,T4-Premium,Active
 101669,Tier 4,Active
 104232,Tier 4,Active
 102875,Tier 4,Active
 104235,Tier 4,Active
 104242,Tier 4,Active
 103469,Tier 4,Active
 102452,Tier 4,Active
 104254,Tier 4,Active
 101845,Tier 4,Active
 101239,Tier 4,Active
 103277,Tier 4,Active
 103419,Recruitment Specialist,Active
 104457,ADP,Active
 103013,Head of Security,Active
 100835,General Operations Manager,Active
 104275,Tier 4,Active
 104279,Tier 4,Active
 103053,Tier 4,Active
 101193,Tier 4,Active
 100808,Human Resource Compliance Officer,Active
 104282,Tier 4,Active
 104287,Tier 4,Active
 101552,Tier 4,Active
 104292,Tier 4,Active
 104295,Tier 4,Active
 104299,Tier 4,Active
 104309,Tier 4,Active
 104313,Tier 4,Active
 101256,Tier 4,Active
 101071,Tier 4,Active
 104318,T4-Premium,Active
 104320,Tier 4,Active
 100909,Senior Campaign Manager,Active
 104332,T4-Premium,Active
 101282,Campaign Manager,Active
 104346,T4-Premium,Active
 104450,ADP,Active
 102205,Tier 4,Active
 102175,Tier 4,Active
 104179,Tier 4,Active
 103284,Tier 4,Active
 101155,Tier 4,Active
 104044,Tier 4,Active
 104043,Tier 4,Active
 100920,Senior Campaign Manager,Active
 104042,Tier 4,Active
 104040,Tier 4,Active
 104486,ADP,Active
 104037,T4-Premium,Active
 103890,Tier 4,Active
 104460,ADP,Active
 101507,Campaign Manager,Active
 103886,Tier 4,Active
 103881,Tier 4,Active
 102892,Tier 4,Active
 102131,Tier 4,Active
 103875,Tier 4,Active
 104467,ADP,Active
 104474,ADP,Active
 103871,Tier 4,Active
 100890,Maintenance,Active
 103490,Biling Associate,Active
 103120,Tier 4,Active
 101469,Tier 4,Active
 103859,Tier 4,Active
 103856,Tier 4,Active
 102302,Quality Analyst,Active
 100821,RTD and Marketing General Manager,Active
 102732,Tier 4,Active
 103835,Tier 4,Active
 104476,ADP,Active
 103833,Premium,Active
 103831,Tier 4,Active
 104443,Tier 4,Active
 104446,Tier 4,Active
 102335,Tier 4,Active
 103447,Workforce Officer,Active
 103811,Tier 4,Active
 100850,Operations Manager,Active
 100891,Maintenance,Active
 100879,Campaign Manager,Active
 101077,Campaign Manager,Active
 102652,Tier 4,Active
 103809,T4-Premium,Active
 102904,Tier 4,Active
 100874,Senior Campaign Manager,Active
 103804,Tier 4,Active
 104455,ADP,Active
 103798,T4-Premium,Active
 103795,T4-Premium,Active
 103791,Tier 4,Active
 103787,Tier 4,Active
 101486,T4-Premium,Active
 103781,Tier 4,Active
 103778,T4-Premium,Active
 104449,Tier 4,Active
 101448,Tier 4,Active
 102772,Campaign Coach,Active
 103416,Asst Recruitment Specialist,Active
 102044,Quality Analyst,Active
 100807,Human Resource Manager,Active
 103772,Premium,Active
 101112,Tier 4,Active
 101080,Tier 4,Active
 103769,Tier 4,Active
 103020,Inventory Officer,Active
 102050,Quality Analyst,Active
 102987,Tier 4,Active
 103761,Tier 4,Active
 102412,Quality Analyst,Active
 101123,Tier 4,Active
 103758,Tier 4,Active
 103755,Tier 4,Active
 103753,Tier 4,Active
 103750,Tier 4,Active
 102206,Tier 4,Active
 100873,Senior Campaign Manager,Active
 100912,Senior Campaign Manager,Active